chrom,snp,cm,pos,a0,a1,i,pv_int,pv
22,rs17204993,0.0,17500036,C,T,0,0.06617420595471346,0.15345851622287143
22,rs2399166,0.0,17501647,T,C,1,0.16461510905088783,0.2836390343017976
22,rs62237458,0.0,17502191,A,G,2,0.8540051216260617,0.5463923080751456
22,rs5994134,0.0,17503328,A,C,3,0.07624379787772195,0.18045600955773078
22,rs9605194,0.0,17503403,A,G,4,0.7037461627581708,0.4820162917867822
22,rs9606574,0.0,17504281,A,G,5,0.7852580517418086,0.9335333119973699
22,rs2399168,0.0,17504945,A,C,6,0.3091964904184661,0.5236450378481374
22,rs4819944,0.0,17505406,C,G,7,0.41429459592219653,0.6416683518873401
22,rs2399177,0.0,17506364,T,C,8,0.2596522186646204,0.5071517587304228
22,rs75200296,0.0,17508245,T,C,9,0.374730469458187,0.5748361933583643
22,rs141426282,0.0,17509984,T,C,10,0.6976323028991822,0.8911764736912119
22,rs5748822,0.0,17510853,C,T,11,0.14961418084371536,0.26107084137242775
22,rs8139645,0.0,17511282,T,A,12,0.29290882506782134,0.5151169253963268
22,rs2845398,0.0,17511285,A,T,13,0.3512106140922866,0.4893678005557508
22,rs2908525,0.0,17511546,A,T,14,0.7694781563985089,0.9126207234505118
22,rs3996083,0.0,17511898,G,C,15,0.3439108379229332,0.599576489212152
22,rs5992615,0.0,17512091,A,G,16,0.17911403688243266,0.34708292011604536
22,rs3876023,0.0,17512904,C,T,17,0.10131841145462972,0.2273870024426783
22,rs3926923,0.0,17513219,C,T,18,0.1452609652030309,0.25728279974686696
22,rs3876024,0.0,17513526,C,A,19,0.08169515340324085,0.13597513474163359
22,rs2908527,0.0,17514484,G,C,20,0.5597510677581565,0.7878842432372699
22,rs5994143,0.0,17516126,C,G,21,0.08316042924978628,0.1970830934744473
22,rs3016113,0.0,17517298,C,T,22,0.448624680761584,0.6928969808309098
22,rs3016112,0.0,17517388,C,T,23,0.005184457424819544,0.010952164587505142
22,rs2537961,0.0,17518755,G,T,24,0.1676154208761217,0.20019507612600373
22,rs2845396,0.0,17521093,T,C,25,0.5541973855273953,0.7925733416472783
22,rs2537964,0.0,17521548,G,A,26,0.020899489084771572,0.051392326979504244
22,rs112251111,0.0,17522042,T,C,27,0.40091174167375,0.2565238930819822
22,rs2537965,0.0,17522645,A,G,28,0.021059614995808884,0.052622506334226826
22,rs2845395,0.0,17523190,G,A,29,0.19708648631479309,0.34265410847108035
22,rs928832,0.0,17524190,G,C,30,0.6353853015699731,0.8433606457307906
22,rs2845394,0.0,17525584,G,A,31,0.5898066321866305,0.8091717463798234
22,rs2845393,0.0,17525970,G,T,32,0.15209930888589707,0.2669744033237105
22,rs66585772,0.0,17526450,C,T,33,0.6210049140516785,0.8542951077444927
22,rs2845391,0.0,17526688,A,T,34,0.31707286085707276,0.5307004388481669
22,rs2845390,0.0,17527063,C,T,35,0.022502799208305002,0.05366127327271075
22,rs2845389,0.0,17527495,C,G,36,0.15110431659955992,0.26533434937394007
22,rs2245487,0.0,17527847,T,C,37,0.15709947133607494,0.2733050038901369
22,rs2845388,0.0,17530370,A,G,38,0.07818551082273806,0.21001804185116213
22,rs2080128,0.0,17530545,T,A,39,0.022529167456715293,0.05301730772598856
22,rs2845383,0.0,17532554,A,G,40,0.037373037243570106,0.08407596314682497
22,rs5992620,0.0,17534298,A,G,41,0.013502139383977152,0.032216085137568795
22,rs2845415,0.0,17534726,G,A,0,0.022502799208305002,0.05366127327271075
22,rs2399211,0.0,17535448,G,A,1,0.21893876688747937,0.3673980829648277
22,rs7285901,0.0,17536181,G,T,2,0.21344430597849706,0.38685989606917837
22,rs2537972,0.0,17538082,C,A,3,0.09640884384137849,0.19017023891681795
22,rs2537974,0.0,17538439,T,C,4,0.15110431659955992,0.26533434937394007
22,rs1054945,0.0,17539544,A,G,5,0.3904514243801911,0.39533742490076373
22,rs12159416,0.0,17541673,C,T,6,0.7514016149569196,0.6886201930538913
22,rs2845385,0.0,17542157,T,A,7,0.2416342915651799,0.4013743683144252
22,rs2845410,0.0,17542534,G,T,8,0.08468178012186112,0.17258048773247436
22,rs2845402,0.0,17542810,T,C,9,0.20204928699921398,0.3602840937403624
22,rs5994154,0.0,17543482,G,A,10,0.27658031725353327,0.4534281161948034
22,rs5748844,0.0,17544136,A,G,11,0.6226689207326924,0.8167666150462158
22,rs9606592,0.0,17544834,G,T,12,0.19493613203894233,0.3340772873163169
22,rs28494566,0.0,17547160,A,C,13,0.725914695453997,0.9175917468143205
22,rs9606594,0.0,17547277,G,C,14,0.1828960012934545,0.32243678939715215
22,rs9605209,0.0,17548437,A,G,15,0.237863765222465,0.4015537897567272
22,rs9606597,0.0,17548986,C,T,16,0.11260675970312684,0.22137874261544632
22,rs738030,0.0,17550418,A,G,17,0.27330381819952165,0.4524663949555703
22,rs5746988,0.0,17551807,A,G,18,0.7327136228926474,0.9268395839102525
22,rs5748850,0.0,17554354,T,G,19,0.11711004734904629,0.22884742712819794
22,rs1114450,0.0,17554915,A,G,20,0.18540378190948892,0.32090640834494233
22,rs2041629,0.0,17557144,A,G,21,0.08113186837435471,0.16589331516864303
22,rs59734756,0.0,17559168,C,T,22,0.7184939106772477,0.8690181265911375
22,rs8135667,0.0,17560683,C,T,23,0.7906975936658766,0.7107912693866156
22,rs9606603,0.0,17561513,T,A,24,0.2549425826013274,0.41548230237341377
22,rs4819956,0.0,17561913,C,A,25,0.03488309628162456,0.08965814737837974
22,rs5748855,0.0,17563174,C,T,26,0.40569765619510356,0.6125682936820962
22,rs5746990,0.0,17563536,G,A,27,0.39726118871172567,0.6102179699711114
22,rs4819958,0.0,17565013,A,G,28,0.05537214481771768,0.12225883330142728
22,rs917864,0.0,17565932,T,C,0,0.03949983373830779,0.0905783584803539
22,rs917865,0.0,17565974,G,C,1,0.04156610622034895,0.09324545303324694
22,rs2270241,0.0,17566206,G,T,2,0.04245003179243945,0.09793811212785908
22,rs2270242,0.0,17566229,T,A,3,0.07691678804229485,0.15782794710651915
22,rs2270243,0.0,17566504,T,C,4,0.49641252268195557,0.7166526251502625
22,rs2241041,0.0,17567006,C,G,5,0.6575756000406157,0.8864223805052812
22,rs2241042,0.0,17567699,C,A,6,0.5386956377216606,0.7447968515391058
22,rs2241043,0.0,17567807,T,C,7,0.5511572270764296,0.7776281294681515
22,rs5994158,0.0,17567898,A,G,8,0.030088626220187153,0.07097385494742403
22,rs9606607,0.0,17568467,C,T,9,0.3520394470477075,0.5631668955462239
22,rs917866,0.0,17570769,C,A,10,0.6065345395435224,0.671732627361715
22,rs917867,0.0,17570785,A,G,11,0.04502743682660282,0.10268134690262676
22,rs5748864,0.0,17572941,A,G,12,0.9496417818895954,1.0
22,rs1990502,0.0,17573272,G,A,13,0.9919050481347582,1.0
22,rs8137190,0.0,17575581,A,C,14,0.18354000960618855,0.1607065813809747
22,rs9605215,0.0,17579013,C,A,15,0.5215941652868488,0.37247371489639725
22,rs13053889,0.0,17580394,T,C,16,0.8887836842779366,0.8250398873624968
22,rs9606615,0.0,17580813,C,T,17,0.3413057057492115,0.571122798574762
22,rs2241044,0.0,17581838,C,A,18,0.6961593368145971,0.8932993566115686
22,rs1013323,0.0,17582044,T,A,19,0.510315764489976,0.7741684301315337
22,rs2241045,0.0,17582061,G,A,20,0.7457725510469212,0.930913297089627
22,rs17807076,0.0,17582776,T,C,21,0.4314831866807537,0.6808682672346289
22,rs2302519,0.0,17585441,T,C,22,0.14426553362164451,0.28037633057391864
22,rs2302520,0.0,17585465,G,T,23,0.8830669641358316,0.7420384650152463
22,rs721930,0.0,17585808,C,G,24,0.1175987255489519,0.23399380238368161
22,rs2241046,0.0,17586471,C,T,25,0.5423919821748973,0.7856317916311664
22,rs34484815,0.0,17586595,A,G,26,0.706974804673336,0.921343633401803
22,rs4819959,0.0,17586631,G,A,27,0.6911999940624056,0.7336168121093569
22,rs2241048,0.0,17587515,T,C,28,0.5919893069592608,0.821673626646112
22,rs2241049,0.0,17587680,G,A,29,0.02493340573209324,0.05404136387290015
22,rs879574,0.0,17588305,A,T,30,0.4859545674629152,0.7413565752273504
22,rs879577,0.0,17589209,T,C,31,0.5627430337986481,0.7877685180494146
22,rs879576,0.0,17589246,A,G,32,0.8451173903118654,0.6908187884308893
22,rs879575,0.0,17589567,T,C,33,0.1805712816464683,0.33230043088648253
22,rs41323645,0.0,17590180,A,G,34,0.8823433457799115,1.0
22,rs4819555,0.0,17590269,T,C,35,0.8017250775063024,0.8788818579435094
22,rs1468488,0.0,17590744,C,T,36,0.6300010076527038,0.613561510257387
22,rs3179921,0.0,17591144,C,T,37,0.757683926980265,0.9393421698739207
22,rs887795,0.0,17591973,G,T,38,0.7186475405846564,0.9127078257929747
22,rs887796,0.0,17593685,G,A,39,0.5717337458836027,0.7415879125964093
22,rs9606617,0.0,17594472,A,G,40,0.26415215200996744,0.4047499588272987
22,rs11702918,0.0,17594623,T,C,41,0.9049045280103502,0.8868200410898353
22,rs12484781,0.0,17594772,A,T,42,0.5925676543615064,0.6999282279236603
22,rs738035,0.0,17594886,T,C,43,0.7047131565439813,0.8567593069566878
22,rs3827278,0.0,17595915,A,C,44,0.47398569306152083,0.6904715608502179
22,rs1047929,0.0,17596229,C,T,45,0.06366046798180369,0.10790674527965327
22,rs1656,0.0,17596322,G,A,46,0.5795546519380294,0.7980554040569172
22,rs9605217,0.0,17597713,C,G,0,0.14498474004698947,0.19524903504579272
22,rs7289082,0.0,17597768,G,A,1,0.11550389421286822,0.20841146374622
22,rs9606619,0.0,17598310,T,C,2,0.137125014063183,0.1891866039635064
22,rs974396,0.0,17599170,G,A,3,0.4395031143304494,0.7373143201351001
22,rs738033,0.0,17599844,T,G,4,0.20947432437656155,0.1873331506406709
22,rs13056456,0.0,17600293,A,G,5,0.6029224100742728,0.7188883875009097
22,rs3827295,0.0,17600497,A,G,6,0.5722541527901643,0.725549710740478
22,rs5994165,0.0,17600977,A,G,7,0.22524749378024245,0.3297489654726785
22,rs75243280,0.0,17601466,C,T,8,0.8688288135740444,0.9418061222083085
22,rs9606620,0.0,17601748,T,C,9,0.3624271201117176,0.5957149253404972
22,rs62237785,0.0,17602164,G,C,10,0.8355148750872526,0.5589575690732944
22,rs5992629,0.0,17602839,G,A,11,0.9440380191908525,0.824489683053018
22,rs2241050,0.0,17603340,T,C,12,0.6082414728565271,0.7174916817157369
22,rs5748871,0.0,17603477,G,A,13,0.6075768989612749,0.7806872459262371
22,rs5746996,0.0,17603801,A,C,14,0.5941695247933487,0.388835801694279
22,rs9605221,0.0,17604191,C,T,15,0.2619870064501655,0.4611816017343824
22,rs5748873,0.0,17604937,A,G,16,0.563815470835096,0.7890992670194585
22,rs62237787,0.0,17605197,C,G,17,0.6872340438288058,0.44651075470061263
22,rs4819964,0.0,17605824,G,A,18,0.8319855805679192,1.0
22,rs143736525,0.0,17606463,A,G,19,0.08608829586826539,0.12135647889422707
22,rs28583021,0.0,17606774,G,C,20,0.9282110908088193,0.47645622330140014
22,rs5994166,0.0,17607894,T,A,21,0.06893394160073374,0.13342756624593133
22,rs5746998,0.0,17608038,G,T,22,0.872524003100587,1.0
22,rs5747000,0.0,17608507,G,A,23,0.8771908240394851,1.0
22,rs4819557,0.0,17609330,T,C,24,0.20234044943513219,0.42139700071273756
22,rs28881810,0.0,17609398,G,T,25,0.1684395196963404,0.31570967567928654
22,rs4819965,0.0,17609825,G,T,26,0.9349877802582551,1.0
22,rs5994167,0.0,17610304,T,C,27,0.9212616303607,0.4088034591643578
22,rs2399212,0.0,17610603,A,C,28,0.04202173915999374,0.08914317760111079
22,rs2286950,0.0,17610862,A,T,29,0.20234044943513219,0.42139700071273756
22,rs5748881,0.0,17611056,A,G,30,0.22899765148155293,0.43067865869404165
22,rs5748882,0.0,17611179,A,C,31,0.2177458388100646,0.40754420560957083
22,rs5748883,0.0,17611515,C,T,32,0.3240564324369446,0.5551426650664129
22,rs2286951,0.0,17612744,A,G,33,0.2515840127160216,0.4666095294083048
22,rs12158843,0.0,17613668,T,C,34,0.6281240352031975,0.8576198692007152
22,rs13054803,0.0,17614692,G,T,35,0.9545241989680205,0.45755801509296623
22,rs5994170,0.0,17615213,G,A,36,0.44293110587606543,0.6734711980309765
22,rs5994171,0.0,17615302,T,C,37,0.9055472857788209,0.33943475286095914
22,rs60241621,0.0,17615784,A,G,38,0.23879534112547285,0.4295861754838447
22,rs5994173,0.0,17615887,A,G,39,0.8272050776491782,1.0
22,rs4819558,0.0,17616217,T,C,40,0.23532563330570477,0.42003695589968704
22,rs9306247,0.0,17616715,T,C,41,0.8247850838983726,0.9428280817999716
22,rs9617958,0.0,17617253,A,C,42,0.6805539543136643,0.8135004782168829
22,rs112544749,0.0,17617451,A,G,43,0.20385157831691314,0.38251098390664373
22,rs5994175,0.0,17618142,T,G,44,0.6643722579173522,0.8872739788588869
22,rs740422,0.0,17619292,T,C,45,0.7804729453844351,0.44970472302733233
22,rs35336534,0.0,17622618,T,C,46,0.7730464415650663,0.46536381476859034
22,rs5747008,0.0,17623408,G,A,47,0.9345902359330017,1.0
22,rs11089413,0.0,17623675,C,T,0,0.1999597846563943,0.3422829811763277
22,rs5747009,0.0,17623837,G,A,1,0.20071300169734652,0.3697098627663944
22,rs3815480,0.0,17626236,C,T,2,0.9307514624647534,1.0
22,rs4819967,0.0,17626466,C,A,3,0.9371500764293401,0.9162807751436405
22,rs5994177,0.0,17627226,T,C,4,0.9648745163570778,0.7681422449183064
22,rs5994178,0.0,17627274,A,G,5,0.09484749242682433,0.13551651797932196
22,rs7410621,0.0,17627366,C,T,6,0.2786613172267305,0.4231876458958601
22,rs174794,0.0,17627405,G,A,7,0.8417257239752705,0.8533520907715597
22,rs76698832,0.0,17627591,G,A,8,0.3899190956247547,0.6518730687559336
22,rs74979985,0.0,17627599,G,A,9,0.47580532917924423,0.32967872971299517
22,rs34947623,0.0,17628648,T,C,10,0.3826075558451367,0.532132352442762
22,rs2286956,0.0,17630378,A,G,11,0.4795748568665801,0.7279512399792458
22,rs1034858,0.0,17630389,C,G,12,0.8930354635378842,0.869501886680149
22,rs1034859,0.0,17630486,C,A,13,0.8425273834639712,1.0
22,rs1034860,0.0,17631454,A,G,14,0.9522564816694667,0.8691781375953409
22,rs1034861,0.0,17631598,A,G,15,0.41302259355683324,0.668837862590447
22,rs1034862,0.0,17631691,G,C,16,0.8179424183263845,1.0
22,rs34902370,0.0,17632194,T,C,17,0.4460052044831484,0.5785043628199977
22,rs4819971,0.0,17632744,T,A,18,0.9106375429849176,0.7885305474067223
22,rs11704657,0.0,17632885,C,T,19,0.6219148461449888,0.8466249886308296
22,rs1005325,0.0,17634711,T,C,20,0.9522564816694667,0.8691781375953409
22,rs1005326,0.0,17634971,C,T,21,0.9094965958984325,0.9108777481176327
22,rs5748913,0.0,17635000,T,C,22,0.40209780528785055,0.6482931512972372
22,rs11912796,0.0,17637221,C,G,23,0.1633696529201002,0.31009910426882636
22,rs5748916,0.0,17637878,A,G,24,0.6652124125196202,0.7334520302165506
22,rs73149863,0.0,17639323,A,G,25,0.33711479490816243,0.5155474640410261
22,rs7287672,0.0,17640045,A,G,26,0.43273113413548014,0.5749009966235297
22,rs5748917,0.0,17641079,C,T,27,0.46692799768884996,0.4580792952131564
22,rs3761401,0.0,17641500,G,A,28,0.3033909168800297,0.5453255981426133
22,rs5747015,0.0,17641912,G,A,29,0.6878843174952991,0.6174755786725274
22,rs36083406,0.0,17642117,T,C,30,0.26266705280750047,0.08689618888593742
22,rs4423695,0.0,17643546,C,T,31,0.9163999028458701,1.0
22,rs5994186,0.0,17643725,A,G,32,0.49630054227951537,0.7468639795496443
22,rs5748919,0.0,17644131,T,C,33,0.4310970089445999,0.6726179890416353
22,rs5748920,0.0,17644725,C,T,34,0.23539516683624684,0.364162157958563
22,rs5748921,0.0,17645139,T,C,35,0.5919307381822891,0.8292432471473796
22,rs3815481,0.0,17645823,T,C,36,0.14762007025749124,0.1039810114364027
22,rs5748922,0.0,17646596,T,G,37,0.5236777612211655,0.6897883910374445
22,rs9606635,0.0,17647015,G,A,38,0.766037520327492,0.9433511852930331
22,rs5748923,0.0,17647862,G,T,39,0.16256849141340046,0.3553439615935735
22,rs5748924,0.0,17647879,T,C,40,0.18013229479919635,0.28096731643439454
22,rs67924883,0.0,17648346,A,G,0,0.1728908459415669,0.317816554958673
22,rs9605229,0.0,17648968,C,T,1,0.6250148040741891,0.8712813555108213
22,rs2005572,0.0,17649496,T,C,2,0.8517866029284427,0.9082240716623194
22,rs2005571,0.0,17649549,T,C,3,0.3294048373739902,0.25432651050961974
22,rs11704796,0.0,17650617,A,G,4,0.4813635252265943,0.7457305246003939
22,rs9606637,0.0,17650705,C,A,5,0.7176204425306973,0.5820391716278137
22,rs13057488,0.0,17650931,T,C,6,0.3897183116415244,0.1689991673337199
22,rs12170945,0.0,17651407,C,G,7,0.42475702450280817,0.2822067447434292
22,rs5992632,0.0,17651441,C,A,8,0.49924854626411375,0.3882782291958534
22,rs28497796,0.0,17651524,T,C,9,0.4311665395253713,0.18599299067368213
22,rs12167694,0.0,17651573,G,T,10,0.4469232303855095,0.18788587406984003
22,rs8138439,0.0,17652219,C,G,11,0.3790868863601141,0.2313757336069493
22,rs5994188,0.0,17652461,A,G,12,0.373016907144062,0.3894981882158789
22,rs34466883,0.0,17652609,T,G,13,0.3929141266854226,0.11583683605663675
22,rs62237828,0.0,17652646,T,C,14,0.31721795586997215,0.42506625506968976
22,rs968488,0.0,17653030,C,T,15,0.7636905528100109,0.9436618352540675
22,rs6518669,0.0,17653038,T,C,16,0.7445082211439743,0.9335589162040854
22,rs9306250,0.0,17653221,G,C,17,0.20767785376830183,0.46042429006785823
22,rs8139868,0.0,17653367,T,C,18,0.46247749363974144,0.7065182754436858
22,rs2159067,0.0,17653927,G,A,19,0.4150584248968173,0.6858695174248904
22,rs2159068,0.0,17653955,C,G,20,0.38385736496791456,0.6033467355663953
22,rs5748928,0.0,17654068,A,G,21,0.18137099413123114,0.3337039510495715
22,rs5028468,0.0,17654089,T,C,22,0.4078718946369635,0.6450038669228406
22,rs1962790,0.0,17654109,C,A,23,0.2860254349107081,0.481325479955931
22,rs9605230,0.0,17654391,T,C,24,0.1814994411361992,0.3553867039216172
22,rs116992091,0.0,17654725,T,C,25,0.18058488089605007,0.3250718556112602
22,rs9606640,0.0,17654790,A,G,26,0.6556984798652015,0.8748317896048103
22,rs12170243,0.0,17654883,T,C,27,0.5416562732822026,0.39156084198766405
22,rs28407124,0.0,17655101,T,C,28,0.15761330028750375,0.3147123335942441
22,rs2401071,0.0,17655388,G,A,29,0.5408127839728815,0.7751270957211247
22,rs12165843,0.0,17655536,A,G,30,0.515863966700171,0.40919223506897984
22,rs7289899,0.0,17655920,A,G,31,0.3784459079152155,0.6149452543688565
22,rs2108576,0.0,17655995,T,C,32,0.4094539999640603,0.6372173726238255
22,rs2108579,0.0,17656216,T,A,33,0.5961562082137817,0.8243017739403105
22,rs1126156,0.0,17656851,A,G,34,0.340320001549251,0.5720279914226831
22,rs11702985,0.0,17657000,C,T,35,0.3468241408763,0.5793074730352745
22,rs36100535,0.0,17657107,G,A,36,0.3145030770229251,0.5378088136470613
22,rs2108581,0.0,17657236,T,C,37,0.2892135179555624,0.48125007301001865
22,rs2108582,0.0,17657378,T,C,38,0.5197909155443157,0.2830701614603425
22,rs1076102,0.0,17658341,G,A,39,0.3452915713301339,0.5060583990430656
22,rs8141296,0.0,17658716,C,T,40,0.4577149956244201,0.7080951344761641
22,rs8139115,0.0,17658776,A,C,41,0.43702479893018287,0.6797140171066939
22,rs8140711,0.0,17658862,G,A,42,0.5603983802458041,0.8000115307890212
22,rs9306251,0.0,17659152,C,T,43,0.35049999373913865,0.5349864717393402
22,rs59179732,0.0,17659289,C,T,44,0.5571222238598076,0.6710454027366799
22,rs10427994,0.0,17659301,G,A,45,0.44715621398536454,0.6859401066358335
22,rs10427997,0.0,17659363,G,A,0,0.6621425841675159,0.882024023297967
22,rs59275139,0.0,17659380,T,C,1,0.1626188900451322,0.3086104866323589
22,rs8141714,0.0,17659579,G,A,2,0.5614321236202688,0.8021643978647461
22,rs9617962,0.0,17659752,C,G,3,0.5197909155443157,0.2830701614603425
22,rs9617963,0.0,17659774,A,G,4,0.5802225608393081,0.2441215162258228
22,rs73876659,0.0,17660056,A,G,5,0.3707555414528657,0.6071426965035789
22,rs14332,0.0,17660501,C,G,6,0.23797573767430447,0.4357745346067726
22,rs1135909,0.0,17660556,C,T,7,0.6733212470835082,0.8539225984117988
22,rs3171599,0.0,17660646,G,A,8,0.3323348311148798,0.5531332776022055
22,rs1139056,0.0,17661178,G,A,9,0.5492077671094182,0.8014013649995888
22,rs1139055,0.0,17661347,G,C,10,0.5697436045155344,0.8044061291536486
22,rs7285420,0.0,17661508,G,C,11,0.5138098285637919,0.4072571876149541
22,rs7288562,0.0,17661764,C,T,12,0.6943081116800792,0.8404170238360043
22,rs7289697,0.0,17661922,G,C,13,0.7952115883297692,0.9383602904849437
22,rs11704850,0.0,17661935,T,A,14,0.5852164011113296,0.8146062947907293
22,rs7290147,0.0,17662163,C,G,15,0.3548497873983417,0.5910955288693649
22,rs11703884,0.0,17662591,G,C,16,0.6637580876825191,0.47473843232658886
22,rs41282461,0.0,17662679,T,C,17,0.554138551968706,0.5458216336771593
22,rs58754958,0.0,17662699,G,A,18,0.5072589774516773,0.6463879624098264
22,rs7289170,0.0,17662793,G,A,19,0.6532457019253854,0.42686414794387206
22,rs3764846,0.0,17662917,C,G,20,0.6322860955083484,0.5294897146436066
22,rs3764847,0.0,17663117,C,T,21,0.6635489141463455,0.5567364326185102
22,rs3764848,0.0,17663127,T,G,22,0.8284444101021495,0.8955320350302687
22,rs61208594,0.0,17663804,G,A,23,0.5333710681552049,0.4546323774167058
22,rs60833491,0.0,17663999,A,C,24,0.43350690835651473,0.6968428455337735
22,rs74981457,0.0,17664307,T,C,25,0.6118420371534836,0.5109722997809227
22,rs9617964,0.0,17664346,A,C,26,0.5381974684311069,0.4377289938850124
22,rs5992634,0.0,17664556,C,T,27,0.7932557879455142,0.4295239011566896
22,rs5994192,0.0,17664788,A,G,28,0.9050437934557526,0.5695728327924321
22,rs1079552,0.0,17665080,A,G,29,0.8153052899876151,0.4997018714443954
22,rs1079553,0.0,17665144,A,G,30,0.9084825210163546,0.5624692207082371
22,rs1079554,0.0,17665413,T,C,31,0.9455857835868509,0.62608336149179
22,rs2401073,0.0,17665661,A,C,32,0.9151155212095876,0.6604406235857871
22,rs4998795,0.0,17665826,C,G,33,0.9603725487430477,0.6120555051191772
22,rs4998794,0.0,17665832,A,G,34,0.8827457398535885,0.6296224380344658
22,rs139498580,0.0,17666279,T,C,35,0.28573071480638257,0.49589994168552354
22,rs3827280,0.0,17666437,A,T,36,0.9444858136761343,0.5767222031967583
22,rs3788273,0.0,17666702,T,C,37,0.9278362388468705,0.5445242622890074
22,rs5994193,0.0,17667426,C,T,38,0.17600916147089285,0.3512300087701662
22,rs5748931,0.0,17667451,G,A,39,0.8959184340467142,0.5334949279349406
22,rs5748932,0.0,17667466,T,A,40,0.9118916993781203,0.6572910720856278
22,rs5748934,0.0,17668491,T,C,41,0.27612684660359876,0.4892436441515514
22,rs5748935,0.0,17668568,G,A,42,0.22777864286743332,0.4480682363891171
22,rs8142736,0.0,17668765,C,A,43,0.8811104056860806,0.6649009599854817
22,rs9617965,0.0,17668818,A,C,44,0.6154355169522965,0.2319847212703896
22,rs8137912,0.0,17668851,G,A,45,0.7945787215126789,1.0
22,rs2231496,0.0,17669151,C,T,0,0.938968179253395,0.5224646763715994
22,rs7284498,0.0,17669199,A,G,1,0.12421240273998035,0.21197585353380932
22,rs2231495,0.0,17669306,C,T,2,0.14865583748230782,0.06128258415500898
22,rs9619005,0.0,17669406,G,C,3,0.553036795915062,0.7943390738231344
22,rs9606642,0.0,17669870,A,G,4,0.7841848958630913,0.6999498871262297
22,rs9606643,0.0,17669896,A,C,5,0.9093200042421351,0.8061315232915587
22,rs9606644,0.0,17670042,C,G,6,0.06849531306151047,0.06697219140432531
22,rs1544504,0.0,17670256,C,T,7,0.5397461611746677,0.3096078574472758
22,rs35221892,0.0,17673438,C,T,8,0.2517252231144893,0.0313249450597185
22,rs4819975,0.0,17674295,A,G,9,0.2709469505734259,0.43236492203314203
22,rs5992637,0.0,17675900,C,A,10,0.49679491298075507,0.7472118846560157
22,rs5992638,0.0,17676102,T,A,11,0.6797078398239506,0.8934928952517451
22,rs28750358,0.0,17676312,A,G,12,0.05089572129801412,0.13950771162405795
22,rs5748939,0.0,17676384,T,A,13,0.4614796238241641,0.7419973231486956
22,rs5748940,0.0,17676410,C,A,14,0.7343015153958992,0.9347918008525962
22,rs12157366,0.0,17676414,G,A,15,0.7548768232754435,0.939426397372552
22,rs11912507,0.0,17676590,G,A,16,0.4042575956596832,0.6766022519993271
22,rs8138890,0.0,17676785,A,G,17,0.7010059379796432,0.7226395684991063
22,rs75626246,0.0,17676932,T,C,18,0.06923047086549783,0.1559881029637039
22,rs1990227,0.0,17677175,C,T,19,0.5623249459329209,0.789388726470898
22,rs5747018,0.0,17677699,C,T,20,0.7332562877621338,0.7961356574132488
22,rs55910342,0.0,17677892,A,G,21,0.3048050871019651,0.5531114910864512
22,rs5747019,0.0,17677908,G,C,22,0.06318826653253828,0.1551519893663884
22,rs35198572,0.0,17678128,C,G,23,0.7480419063245498,0.7764728084100878
22,rs12160609,0.0,17678195,T,C,24,0.5111177658410988,0.7611147583640998
22,rs7410520,0.0,17678307,G,A,25,0.37951661240732404,0.6390826385461359
22,rs76388664,0.0,17678551,C,G,26,0.37951661240732404,0.6390826385461359
22,rs36092733,0.0,17680059,T,C,27,0.28345673516922465,0.46590055719604573
22,rs17807317,0.0,17680519,C,A,28,0.46847331147517857,0.6278305304988262
22,rs1076106,0.0,17682294,C,A,29,0.5492861321587297,0.7849921766215388
22,rs2041119,0.0,17683175,G,A,30,0.7101710692516896,0.6110692991534549
22,rs11704361,0.0,17683675,G,T,31,0.869512213603339,0.8404421827679547
22,rs2231489,0.0,17684344,T,C,32,0.47754931768744957,0.07465648317591267
22,rs2013910,0.0,17685194,A,T,33,0.5060085138047233,0.6605153067190501
22,rs1807517,0.0,17685351,A,C,34,0.5066477591169127,0.7057100917029548
22,rs1807518,0.0,17685358,T,C,35,0.6186373781941883,0.6216636547043491
22,rs362149,0.0,17685565,T,C,36,0.1297779811007287,0.2530448374402704
22,rs11704386,0.0,17685818,G,T,37,0.40785271037395077,0.6048609078879204
22,rs34056296,0.0,17686162,A,G,38,0.6877180106029661,0.9041166283435415
22,rs362047,0.0,17687609,G,C,39,0.4945322826730728,0.6764465354454783
22,rs362129,0.0,17690409,A,G,40,0.7777527086842193,0.7450930796004491
22,rs7289141,0.0,17690430,G,C,41,0.8647313380789441,1.0
22,rs5747023,0.0,17691166,C,T,42,0.7985710918143065,0.8473466772183236
22,rs5992641,0.0,17691795,T,A,43,0.7784333941510206,0.9385846185507907
22,rs5748944,0.0,17692032,A,G,44,0.7305667277826111,0.6941359099608481
22,rs7287933,0.0,17692064,G,A,45,0.044140613156043784,0.10822950347970361
22,rs5748946,0.0,17692227,C,T,46,0.8198506788932758,1.0
22,rs4591434,0.0,17692384,G,A,47,0.8381791140499624,1.0
22,rs7288848,0.0,17693341,C,T,48,0.5659940612460261,0.8128781015402657
22,rs5748948,0.0,17694856,T,G,49,0.8600503914292341,1.0
22,rs7290186,0.0,17696027,G,A,0,0.19455158918471083,0.4000372647616516
22,rs5747024,0.0,17696368,C,T,1,0.8081213407940103,0.9417395057055296
22,rs5748950,0.0,17696942,T,C,2,0.7690621834478647,1.0
22,rs5747025,0.0,17697428,G,A,3,0.3997427323486389,0.628670720777101
22,rs5748951,0.0,17697605,A,G,4,0.3382397781068217,0.5527571005736975
22,rs5748955,0.0,17698173,G,A,5,0.4153184226051454,0.6479524391914371
22,rs5747027,0.0,17699630,T,A,6,0.321270144302398,0.5370261106109213
22,rs5748959,0.0,17699642,C,T,7,0.18937555843205633,0.34041180708976315
22,rs1971009,0.0,17699818,G,A,8,0.18698122711781018,0.33841881067501045
22,rs8136533,0.0,17700284,C,T,9,0.6932478359557139,0.902821046310064
22,rs145105812,0.0,17700809,A,G,10,0.02752363966399418,0.026593116778099724
22,rs7286672,0.0,17700810,C,T,11,0.8783826309620029,1.0
22,rs9606655,0.0,17701234,A,G,12,0.9867636708484405,0.7382674736463272
22,rs737970,0.0,17701811,C,A,13,0.8957643895054367,1.0
22,rs1807520,0.0,17701870,C,T,14,0.9306870665144508,0.6920479172636024
22,rs1807519,0.0,17702250,C,T,15,0.9358414845265697,1.0
22,rs737968,0.0,17702662,T,C,16,0.9402480013051694,0.7129162959790101
22,rs737967,0.0,17702778,C,T,17,0.941890285375631,1.0
22,rs3884692,0.0,17702858,T,C,18,0.006636549145609738,0.017151225620126387
22,rs5747029,0.0,17703993,G,T,19,0.9413099643222451,1.0
22,rs5747030,0.0,17704275,T,C,20,0.9401010765644322,1.0
22,rs2401077,0.0,17704462,G,A,21,0.9523323321657333,1.0
22,rs5748965,0.0,17705622,C,T,22,0.7577704136140296,0.8252273727876219
22,rs2079622,0.0,17706647,C,T,23,0.6938819549063524,0.6931688820437847
22,rs5992643,0.0,17706811,A,G,24,0.015961925763548046,0.04403081840006051
22,rs5994208,0.0,17707618,A,G,25,0.0240553338466869,0.058885282218662405
22,rs5994209,0.0,17707727,A,G,26,0.017639649685046055,0.0477682056222849
22,rs5994211,0.0,17707865,T,G,27,0.02363042743808008,0.05845649569009148
22,rs737963,0.0,17709771,T,C,28,0.9664377356853727,0.6101821177173694
22,rs73385997,0.0,17711567,A,C,29,0.007541189613607058,0.0218308283377473
22,rs5748969,0.0,17711873,A,G,30,0.663180041549633,0.8865891432314296
22,rs34611736,0.0,17715095,A,C,31,0.13645729651374772,0.25702795577298043
22,rs1558153,0.0,17717033,C,T,32,0.5934595251986738,0.685679262595218
22,rs4819979,0.0,17718119,T,G,33,0.14583974337781191,0.12293582535095626
22,rs5747035,0.0,17718606,C,T,34,0.43531059291169494,0.5521785653854139
22,rs78766673,0.0,17719348,G,A,35,0.2064694879132275,0.2981761342746355
22,rs5748977,0.0,17719458,T,C,36,0.44104386014788,0.381212526076528
22,rs4611734,0.0,17720703,T,C,37,0.6461273192223882,0.5017985361757816
22,rs4624486,0.0,17720722,G,A,38,0.2141326876074463,0.2611923252465891
22,rs2058118,0.0,17721551,G,C,39,0.34712569451914654,0.27714850995880613
22,rs4266110,0.0,17721595,C,T,40,0.1764167980738225,0.25602478938257345
22,rs2058119,0.0,17722024,A,G,41,0.40720665080628327,0.004211349392235886
22,rs9605241,0.0,17722053,A,G,42,0.09470399658972117,0.003289585036216569
22,rs2058120,0.0,17722055,G,A,43,0.43657058021750883,0.008156320766533942
22,rs7288303,0.0,17722442,T,A,0,0.036911593943245835,0.0016702937675326934
22,rs1006015,0.0,17722536,G,A,1,0.24009139170372984,0.3323521585500049
22,rs5748979,0.0,17722885,G,A,2,0.502441316648235,0.49447416551982526
22,rs727188,0.0,17722982,G,T,3,0.5873027882552855,0.3177403556767123
22,rs2041144,0.0,17723174,C,G,4,0.18757466792201838,0.07049075925304538
22,rs5747037,0.0,17724093,A,G,5,0.21252830204062056,0.017005816550789143
22,rs4819980,0.0,17725150,T,C,6,0.9679704477401179,0.3556112822224802
22,rs4819566,0.0,17725209,C,G,7,0.9069932156033048,1.0
22,rs4819981,0.0,17725304,A,G,8,0.9578154495735148,1.0
22,rs4819567,0.0,17725406,A,G,9,0.31697159694406396,0.5300423540691628
22,rs5747038,0.0,17725764,A,G,10,0.9835453887317568,0.6927493282904287
22,rs62236466,0.0,17725899,T,C,11,0.8064023398687183,0.24637104437951185
22,rs5747039,0.0,17726469,T,G,12,0.9993932832366876,0.23222780729811676
22,rs12483926,0.0,17727125,A,G,13,0.9376918022405927,0.4913826336285464
22,rs4819982,0.0,17727648,T,C,14,0.24595962899268597,0.5296647568838873
22,rs5748988,0.0,17729316,G,C,15,0.21432966825651567,0.43965382319751245
22,rs147836724,0.0,17729730,T,C,16,0.38290214480673146,0.4048420262821789
22,rs13055060,0.0,17730885,T,C,17,0.32193101983707617,0.6261945638992892
22,rs61224215,0.0,17731448,T,A,18,0.9223104413154939,0.3163864544659162
22,rs9605246,0.0,17731977,C,T,19,0.3754791489007817,0.2382217945372488
22,rs9606666,0.0,17732736,G,A,20,0.398333727700104,0.3756627927154971
22,rs9606667,0.0,17733193,C,T,21,0.46500742135079154,0.3134461207743554
22,rs5748995,0.0,17734411,A,G,22,0.19430506758901045,0.4266506330857244
22,rs5748996,0.0,17734419,G,A,23,0.07222010594949235,0.2213284006064764
22,rs12166721,0.0,17734420,G,C,24,0.21021488833277546,0.5286800612936546
22,rs11089420,0.0,17734516,T,C,25,0.33538807998935216,0.5485935893818287
22,rs5748997,0.0,17734704,A,G,26,0.8413931518656992,0.9160659629702238
22,rs9617977,0.0,17735166,T,C,27,0.5859197954752987,0.5684009056852846
22,rs5994226,0.0,17735427,A,G,28,0.735626183916446,0.9026211190864754
22,rs5994227,0.0,17735943,A,T,29,0.12221295457225301,0.24850980234781495
22,rs9605247,0.0,17736045,T,G,30,0.34050000120724433,0.2900995829302867
22,rs4819984,0.0,17736939,T,C,31,0.6581966872437244,0.5065771608974465
22,rs8142798,0.0,17737500,G,A,32,0.5078382707893789,0.3652434109010698
22,rs17807605,0.0,17738100,T,C,33,0.7977347756044411,0.8411852348961488
22,rs9605248,0.0,17739036,C,G,34,0.6058915123712972,0.4605919476426472
22,rs56669966,0.0,17739237,T,C,35,0.42829061784205635,0.6206307162478728
22,rs5992646,0.0,17739646,T,C,36,0.2095731216941199,0.010814958965301935
22,rs12167847,0.0,17740310,C,T,37,0.17232210412433657,0.29287832662276647
22,rs5992647,0.0,17740995,G,A,38,0.2330328667365913,0.031787402708341794
22,rs5994230,0.0,17743228,T,A,39,0.09404639370225176,0.11645358909556669
22,rs4819987,0.0,17743563,C,T,40,0.08422715279278425,0.05256824381743819
22,rs16982255,0.0,17746101,C,T,41,0.3333202675448025,0.5709979065144204
22,rs16982258,0.0,17747195,C,A,42,0.370658862122452,0.6124067151914162
22,rs3804058,0.0,17747278,C,T,43,0.34903591231877884,0.1699646767684938
22,rs2401078,0.0,17747340,C,T,44,0.7790439737697393,0.1989603632180027
22,rs4819989,0.0,17747694,C,T,45,0.7895019148306732,0.2128198715205406
22,rs5749002,0.0,17749096,A,G,46,0.3463845611613898,0.08849502480081439
22,rs4819991,0.0,17750681,T,C,47,0.33110364584354846,0.23404360325283335
22,rs5749004,0.0,17751766,T,C,0,0.7866716445730776,0.7399872874344582
22,rs62236482,0.0,17751803,A,G,1,0.7444249517955951,0.2576103949334432
22,rs5994233,0.0,17752135,G,T,2,0.8764767820856663,1.0
22,rs12628482,0.0,17752664,C,T,3,0.27170069482277337,0.5051826898003933
22,rs150351911,0.0,17755797,C,A,4,0.7603344695919901,0.21568530544129128
22,rs5992648,0.0,17757695,A,G,5,0.9698566621971927,1.0
22,rs11089422,0.0,17758060,A,G,6,0.5879241483319166,0.7794304647141697
22,rs5747049,0.0,17758926,C,T,7,0.9751362700118309,0.8934638869448059
22,rs75748085,0.0,17759713,C,T,8,0.309583050875172,0.4576412969672654
22,rs4819993,0.0,17761425,T,C,9,0.9679672305195799,0.9028267425420776
22,rs5992650,0.0,17763180,G,T,10,0.42936016430971835,0.6866827398622792
22,rs5747051,0.0,17763868,C,A,11,0.9743224839914963,0.9058148285167871
22,rs113758884,0.0,17764048,A,G,12,0.5546163606928258,0.8012481742787361
22,rs5749010,0.0,17765505,A,G,13,0.3327972773901757,0.11381917330109825
22,rs11704699,0.0,17770181,G,T,14,0.4263946092195231,0.08135832558259048
22,rs4819570,0.0,17771737,T,C,15,0.6061001812002689,0.29671674599333964
22,rs5992652,0.0,17771864,G,A,16,0.7411219404749889,0.04143401556507842
22,rs998491,0.0,17773633,C,G,17,0.6629108539417023,0.8852157874128247
22,rs2012806,0.0,17773764,C,T,18,0.9561937199317935,1.0
22,rs8138049,0.0,17774845,T,C,19,0.5337851627620821,0.03680682441482852
22,rs75091069,0.0,17775433,A,G,20,0.3382833011511568,0.3309596779703462
22,rs9617981,0.0,17776876,T,C,21,0.9571520663210983,0.8084354250395591
22,rs140055475,0.0,17777230,T,A,22,0.7666170509147138,0.1255618226686387
22,rs8140080,0.0,17781035,A,G,23,0.5079324377393908,0.7669080198375282
22,rs4819994,0.0,17781555,C,T,24,0.29644607128699374,0.5019174860143645
22,rs4541325,0.0,17782813,T,C,25,0.9766161412916163,0.735340596657856
22,rs73387688,0.0,17783324,T,C,26,0.15702674927242732,0.3369653690859473
22,rs5749015,0.0,17783351,A,G,27,0.776602493013042,0.3317198738176049
22,rs139064893,0.0,17783420,A,G,28,0.2667871673731005,0.5231981215406203
22,rs13057028,0.0,17783547,G,A,29,0.9313529005310817,1.0
22,rs11704594,0.0,17783600,G,A,30,0.9704564587129019,1.0
22,rs5749016,0.0,17783945,T,C,31,0.8300765424039881,0.8787246680301085
22,rs5749017,0.0,17784163,G,A,32,0.8760655857925703,0.9170600611078049
22,rs35965706,0.0,17784197,A,G,33,0.8506818718520652,1.0
22,rs12160031,0.0,17784602,A,G,34,0.2814652196381914,0.5109618970343925
22,rs73876685,0.0,17784836,T,C,35,0.7250531208023765,0.928320015471856
22,rs9619047,0.0,17784977,A,G,36,0.21890827533668578,0.41936170933674577
22,rs16982280,0.0,17785224,C,T,37,0.7336448847942337,0.9310605315053706
22,rs4819995,0.0,17785383,T,C,38,0.9814037920796159,0.9357997173999448
22,rs112891180,0.0,17785815,A,C,39,0.6534207827210005,0.8644610625007306
22,rs111558143,0.0,17785825,T,C,40,0.7613476253278406,1.0
22,rs5749019,0.0,17785893,C,T,41,0.9911648443868919,0.6767014914284035
22,rs5749020,0.0,17785937,G,A,42,0.9869140193598882,0.7431598425783643
22,rs9619048,0.0,17786171,G,A,43,0.7115939804720213,0.80695018226708
22,rs5749021,0.0,17787291,T,C,44,0.9920157931211158,0.9171803326797171
22,rs5749022,0.0,17787836,C,G,45,0.987568520659941,1.0
22,rs5994246,0.0,17788254,A,G,46,0.985501564110792,1.0
22,rs62236496,0.0,17788549,A,G,47,0.4088039968285173,0.6493866298511194
22,rs4239866,0.0,17788722,T,C,48,0.6409717333085562,0.8650442024730831
22,rs4549209,0.0,17788896,G,A,0,0.31434147181814054,0.5287839956910779
22,rs5749028,0.0,17789010,G,A,1,0.1691700925923414,0.30564030095032346
22,rs9606679,0.0,17789245,T,G,2,0.3209623208282778,0.47663836400251325
22,rs9606680,0.0,17789257,A,T,3,0.6361906138066131,0.826733468299707
22,rs4819996,0.0,17790731,A,G,4,0.7657137943949163,0.943325266627567
22,rs9605253,0.0,17790885,T,C,5,0.45449811202474755,0.7112067656083758
22,rs9606682,0.0,17791564,T,C,6,0.5592623617434247,0.8020934286612751
22,rs5994251,0.0,17791695,T,C,7,0.8023584552300741,1.0
22,rs5749030,0.0,17791970,T,G,8,0.7779230668660568,1.0
22,rs9617982,0.0,17792740,A,G,9,0.7590597115361348,0.3796780758281798
22,rs5994253,0.0,17793012,A,G,10,0.4025237866525817,0.6436239700174334
22,rs9605254,0.0,17795408,G,A,11,0.24520579462704184,0.01798612593046489
22,rs12158610,0.0,17795925,T,C,12,0.8939182040183152,0.8064478561761337
22,rs76309666,0.0,17796520,A,G,13,0.956861139661109,0.8400184360322943
22,rs5994255,0.0,17796971,A,C,14,0.41169135014214386,0.1985179693356528
22,rs115425020,0.0,17797447,C,T,15,0.6802665559016308,0.47415490680673333
22,rs78048821,0.0,17797450,T,A,16,0.7138004567224838,0.84927350717252
22,rs73153456,0.0,17797728,G,A,17,0.5937989629094467,0.5195305577444667
22,rs5992660,0.0,17797806,T,C,18,0.553827015739327,0.1594381131214282
22,rs5992661,0.0,17798023,C,T,19,0.5493092574483429,0.3800792120009284
22,rs5994256,0.0,17798800,C,T,20,0.8331608786977271,0.5917539782956385
22,rs9605256,0.0,17799216,T,C,21,0.6703091309695366,0.46388277525436594
22,rs9606685,0.0,17799287,T,C,22,0.29579329208323746,0.14599414756801687
22,rs9306256,0.0,17799529,T,C,23,0.44425689664836066,0.6590149097750915
22,rs73153457,0.0,17799863,T,C,24,0.6521616067234268,0.5015938514731662
22,rs9306257,0.0,17799956,C,T,25,0.6245992095360238,0.7589397973857829
22,rs9619055,0.0,17800472,T,C,26,0.5129564175239837,0.3736361983528895
22,rs9619056,0.0,17800508,T,C,27,0.3834623289036708,0.5181927018782531
22,rs9306258,0.0,17800757,A,G,28,0.26832935399470537,0.4847829565978977
22,rs9606686,0.0,17802781,G,A,29,0.6801667734795549,0.5701896200816166
22,rs56818267,0.0,17802814,C,A,30,0.5378201362032506,0.46826068876645155
22,rs112061145,0.0,17803165,A,G,31,0.30394976850535127,0.5143718426352101
22,rs5994259,0.0,17803696,T,A,32,0.13494542106928098,0.36219379252145967
22,rs5994260,0.0,17803786,G,A,33,0.1212837580051701,0.29730058382981184
22,rs5992662,0.0,17803872,A,G,34,0.20390307044471523,0.4032913974773287
22,rs4819573,0.0,17804834,T,C,35,0.654356786974512,0.33364762812789595
22,rs113567483,0.0,17805209,A,G,36,0.5975078171296881,0.30701477965704527
22,rs9617984,0.0,17805430,T,C,37,0.6427554732279112,0.28245960810278636
22,rs10854595,0.0,17805732,C,T,38,0.6562331928607261,0.2410988239134313
22,rs5994262,0.0,17806111,A,G,39,0.42349994395093526,0.5427949755887485
22,rs9606689,0.0,17806222,T,A,40,0.5535053553443932,0.22431773392084708
22,rs9619065,0.0,17806998,G,T,41,0.4404634633138874,0.16951292478445934
22,rs9617986,0.0,17807347,C,G,42,0.2327344005058123,0.2793886842949008
22,rs9619067,0.0,17807431,G,A,43,0.25965609853035976,0.13999151533712784
22,rs5992663,0.0,17807731,C,T,44,0.33023098112019267,0.2618706213755927
22,rs5994263,0.0,17807765,G,A,0,0.22027370091669007,0.25711014907083785
22,rs5994264,0.0,17807947,C,T,1,0.06303434424285459,0.029107536383594868
22,rs147742718,0.0,17808057,C,T,2,0.60684404361571,0.3185090611544621
22,rs9619071,0.0,17808150,A,G,3,0.23400874099424884,0.37391675973681715
22,rs9619072,0.0,17808151,T,C,4,0.256632712880717,0.42250040379275233
22,rs58585707,0.0,17808479,G,A,5,0.5555397274230167,0.41787025271796874
22,rs5994267,0.0,17809117,T,A,6,0.2616505840495805,0.4635437358308143
22,rs5992665,0.0,17810483,G,A,7,0.4108032216391567,0.31963707317719603
22,rs17808507,0.0,17810876,C,G,8,0.5509525829357275,0.23745888800844062
22,rs9617988,0.0,17811477,A,C,9,0.3456226974583523,0.5563692763195185
22,rs5994268,0.0,17812030,G,T,10,0.5072282788284737,0.12912209231516958
22,rs73153469,0.0,17812596,G,A,11,0.4311960324645143,0.30995537089664305
22,rs113774304,0.0,17812660,A,G,12,0.4270578353442709,0.3070487958879714
22,rs59402010,0.0,17812797,C,A,13,0.41205226205112255,0.2628313398925387
22,rs5747060,0.0,17812824,A,G,14,0.04076949598227053,0.024814774296761488
22,rs17205940,0.0,17813139,C,T,15,0.026912608465300525,0.030967646106392577
22,rs5994271,0.0,17814811,G,A,16,0.2052315508215996,0.37200368425085106
22,rs5994272,0.0,17815696,C,G,17,0.06552448799699351,0.1345046145318045
22,rs5994275,0.0,17817390,C,G,18,0.2762605845042043,0.34929703227493636
22,rs362156,0.0,17817903,G,T,19,0.16814914165631967,0.33840018954852624
22,rs5747065,0.0,17818146,C,G,20,0.847753245121036,0.5960384981673301
22,rs5749039,0.0,17818894,A,G,21,0.506800029780186,0.6436592927491611
22,rs10854596,0.0,17818918,T,C,22,0.5171527807568512,0.6088224728903371
22,rs35679816,0.0,17822328,T,A,23,0.08989331343072271,0.22110527967522287
22,rs5994279,0.0,17823127,C,G,24,0.1770269573055121,0.4390909260168776
22,rs361626,0.0,17823261,T,G,25,0.128591607309957,0.273682901526925
22,rs60041343,0.0,17824347,A,G,26,0.5237057000816937,0.7748345273945936
22,rs5747066,0.0,17824470,G,T,27,0.3736202367654622,0.6464209723122307
22,rs5749041,0.0,17825248,T,C,28,0.2399399713798096,0.42272947741002875
22,rs5994280,0.0,17826017,A,G,29,0.8171667831011499,0.9247472321640826
22,rs5747067,0.0,17826412,A,G,30,0.16157559414598266,0.32695505364761923
22,rs4820001,0.0,17827684,A,G,31,0.25661837837863977,0.40366982376609106
22,rs4819576,0.0,17827976,A,T,32,0.6698644450413918,0.823315602638951
22,rs5994283,0.0,17828398,C,T,33,0.7041886643657612,1.0
22,rs5749044,0.0,17829072,G,A,34,0.06490333520462688,0.19710956697597704
22,rs5747069,0.0,17829323,A,G,35,0.3310346410513456,0.5299202972666137
22,rs2158148,0.0,17830125,T,A,36,0.7847417975917761,1.0
22,rs5992668,0.0,17830244,A,T,37,0.610997250240783,0.5785066143414781
22,rs5992669,0.0,17830578,T,C,38,0.49098571992680884,0.4611940566315553
22,rs12159743,0.0,17830856,G,A,39,0.7396900663362214,0.35645644230834417
22,rs5749046,0.0,17830990,T,C,40,0.5290387848596299,0.7695577698720427
22,rs5994287,0.0,17831441,C,T,41,0.8461302515199529,0.9158319972290239
22,rs2040692,0.0,17831813,C,T,42,0.9588499916174791,0.5508203486900548
22,rs7288834,0.0,17832142,G,T,43,0.9498416224927735,0.14985854941279897
22,rs9306259,0.0,17832206,T,A,0,0.9498416224927735,0.14985854941279897
22,rs10775712,0.0,17832722,A,T,1,0.09215398684582776,0.14334188722134877
22,rs7288378,0.0,17833154,A,G,2,0.9117305544481313,0.9325067137477815
22,rs9606694,0.0,17833767,A,T,3,0.45065381246315994,0.6893933585210847
22,rs5747071,0.0,17834040,A,G,4,0.5544084936895541,0.2946812004768429
22,rs7286771,0.0,17834460,T,C,5,0.9669316819867179,0.6730739213490906
22,rs1962793,0.0,17834493,A,G,6,0.8801882613625407,0.7534603095138768
22,rs1962794,0.0,17834577,T,C,7,0.9627606867609275,0.7940747966610634
22,rs9605264,0.0,17835819,C,T,8,0.1705713711018686,0.24799951847306456
22,rs114023610,0.0,17835992,T,A,9,0.7108955390581251,0.09040735156419921
22,rs7292147,0.0,17837908,C,G,10,0.9973680016460278,0.42854289404749657
22,rs7291089,0.0,17837987,C,T,11,0.9497249613757082,0.9176415971935995
22,rs9619088,0.0,17838368,C,T,12,0.8060614825175844,0.7143705611803564
22,rs5747072,0.0,17838809,C,A,13,0.671243699539462,0.36368905505997795
22,rs1962617,0.0,17839358,C,T,14,0.6689071224904652,0.8909044788652598
22,rs11705540,0.0,17839980,C,T,15,0.853507529282153,0.9087287402147675
22,rs113834068,0.0,17840123,G,A,16,0.405812248344819,0.02595986567092956
22,rs73389672,0.0,17840629,C,G,17,0.39103534770339266,0.031222549277238998
22,rs5994289,0.0,17841198,G,C,18,0.9883170169274402,0.3528710087388167
22,rs737915,0.0,17842731,G,A,19,0.9396574522151048,1.0
22,rs9606699,0.0,17843124,A,G,20,0.3675726481980368,0.6122449889954579
22,rs9605265,0.0,17843997,G,A,21,0.23227940731196095,0.4380724305149889
22,rs5992671,0.0,17844897,C,T,22,0.9097543546238004,0.7185870154124134
22,rs9606701,0.0,17844929,T,G,23,0.2282564515282468,0.42760099997592427
22,rs5749060,0.0,17846171,T,C,24,0.08130726229633456,0.15197783653232733
22,rs13054596,0.0,17846754,A,C,25,0.47258956899098925,0.25336983446199224
22,rs6518680,0.0,17846951,A,G,26,0.9693470886340456,0.37823870826134
22,rs73391751,0.0,17848665,C,G,27,0.18047600956978882,0.33925771184040343
22,rs80045382,0.0,17850136,A,G,28,0.17542183685416424,0.324645502372234
22,rs2401112,0.0,17850277,T,C,29,0.956036413400699,0.06458422417961673
22,rs73391753,0.0,17850661,T,C,30,0.15559892348778281,0.2982606998643539
22,rs5992034,0.0,17852805,T,G,31,0.6140610884862598,0.7387681081355798
22,rs73391767,0.0,17855300,T,C,32,0.4101575395874615,0.6253080526418799
22,rs61361653,0.0,17855348,G,A,33,0.7186704780502753,0.8311270932329187
22,rs5747079,0.0,17856960,C,T,34,0.8451658479483966,0.5374272972428287
22,rs5747081,0.0,17858962,C,T,35,0.5180114588195438,0.231516852820553
22,rs5747084,0.0,17860253,G,C,36,0.21742561162496776,0.08481994813868177
22,rs9604737,0.0,17860634,G,A,37,0.9326700516232354,0.5122790176495813
22,rs8140339,0.0,17861077,T,A,38,0.7562735054530225,0.6991258337035939
22,rs11089174,0.0,17861131,T,C,39,0.5627881061161122,0.7390316717434955
22,rs4273306,0.0,17861458,T,C,40,0.602526113457245,0.836581664358676
22,rs5992035,0.0,17861535,G,A,41,0.16244367853909603,0.22653050932886842
22,rs9605269,0.0,17861872,A,G,42,0.1626423943962203,0.3788342268968461
22,rs5992037,0.0,17861981,T,C,43,0.7059971593338153,0.46508074896858465
22,rs8140146,0.0,17861989,C,T,44,0.2911699774979275,0.4856130441275609
22,rs2895936,0.0,17862039,G,A,45,0.8273123133208827,0.4866728458908389
22,rs5992040,0.0,17862127,C,T,46,0.4046508612016406,0.3783931568360779
22,rs5992041,0.0,17862147,T,C,47,0.3411796839916059,0.53887601332946
22,rs7285871,0.0,17862268,C,T,48,0.8730704667533289,0.21525823743400618
22,rs5747087,0.0,17866198,C,T,49,0.11157440052567957,0.15410260857053348
22,rs4819447,0.0,17866989,G,T,0,0.9342574759753466,1.0
22,rs17808586,0.0,17867492,A,T,1,0.9636364577394748,1.0
22,rs79868360,0.0,17868593,A,C,2,0.9735967514690347,1.0
22,rs9604740,0.0,17873099,A,G,3,0.02796406095610271,0.06719292472643223
22,rs5746360,0.0,17874082,C,T,4,0.2686200153514754,0.48065993431962273
22,rs62241131,0.0,17875960,A,G,5,0.251047644592712,0.3933730849352228
22,rs737916,0.0,17880070,A,G,6,0.11718077295953022,0.19857473122826585
22,rs2401116,0.0,17881797,A,G,7,0.15553742273399118,0.2879372080981203
22,rs5746362,0.0,17881973,A,C,8,0.11062252319486088,0.07494379243673743
22,rs61056740,0.0,17883957,T,G,9,0.23023662472282735,0.15913470179073774
22,rs12628163,0.0,17884557,T,C,10,0.0292242766329891,0.046335684130142885
22,rs4819451,0.0,17885484,C,A,11,0.6515487636210472,0.2629422709290403
22,rs4239844,0.0,17885697,C,T,12,0.5598959715475749,0.4280874649541311
22,rs5746365,0.0,17886458,A,G,13,0.34824194865186864,0.14830428472195356
22,rs2522310,0.0,17887725,A,G,14,0.7877175437887285,1.0
22,rs34564595,0.0,17887739,G,C,15,0.12176115656929154,0.17470875055363932
22,rs1860308,0.0,17888621,G,A,16,0.09230710960485311,0.15071020556510561
22,rs1860309,0.0,17888812,G,A,17,0.35284156805040445,0.25431617937124695
22,rs5747109,0.0,17888891,A,T,18,0.13170159001117399,0.18734464070589085
22,rs5992043,0.0,17889247,A,C,19,0.22057707501811752,0.2696151637304879
22,rs5746366,0.0,17890558,G,A,20,0.13107508551668012,0.19070277433558436
22,rs5746368,0.0,17892618,G,A,21,0.1824263710157754,0.326061852388875
22,rs5747113,0.0,17892900,T,A,22,0.26282439823887915,0.4503909094719347
22,rs2905578,0.0,17893299,G,A,23,0.42419745432507716,0.43649646525517427
22,rs9618008,0.0,17893636,G,A,24,0.24478596307886702,0.4103457031020523
22,rs7286310,0.0,17893850,T,C,25,0.15594279524183619,0.2665130321837924
22,rs57312764,0.0,17894438,A,G,26,0.6402496899206134,0.6759534668414384
22,rs5747115,0.0,17894454,G,A,27,0.19419694308927649,0.2547150391262104
22,rs5992044,0.0,17895051,A,G,28,0.15052967520947258,0.3340079801351208
22,rs2518771,0.0,17895568,G,A,29,0.12917990460427708,0.24015764930463424
22,rs16982396,0.0,17896206,C,G,30,0.5602808356785709,0.47431405435212015
22,rs4819452,0.0,17896534,T,A,31,0.57520266320804,0.35229579560291124
22,rs16982398,0.0,17897461,C,G,32,0.043728492741841096,0.0886825941118986
22,rs73153501,0.0,17897464,C,G,33,0.3750198599658521,0.5616305957170289
22,rs16982400,0.0,17897544,C,T,34,0.5539641403442336,0.460868808195286
22,rs56407437,0.0,17897822,A,G,35,0.7140386190118946,0.6163584095467228
22,rs56243141,0.0,17898193,G,T,36,0.66691512432227,0.3563032100335709
22,rs55860394,0.0,17898226,C,T,37,0.7757255508014619,0.46380090696899035
22,rs5992687,0.0,17899113,G,C,38,0.06344761992843118,0.20990171519632184
22,rs5992046,0.0,17899136,T,C,39,0.5450016719719246,0.7115780839067971
22,rs17808076,0.0,17899175,G,A,40,0.4657168634786474,0.6945831257626528
22,rs5992688,0.0,17899634,T,C,41,0.9537593813376923,0.5403480926265446
22,rs5992689,0.0,17899841,A,G,42,0.6220586014951628,0.48166345112598474
22,rs5992048,0.0,17900525,G,A,43,0.21000590916911677,0.3922994353179202
22,rs189785954,0.0,17900934,T,A,44,0.4352941088612662,0.6817712148494177
22,rs9605289,0.0,17901326,A,G,45,0.5182414934518652,0.7137848274366063
22,rs2078735,0.0,17901766,C,T,0,0.721585910729853,0.9177907922422928
22,rs62239279,0.0,17901769,A,T,1,0.27573222303702405,0.48353310644318404
22,rs2518732,0.0,17901925,T,C,2,0.4502998648328673,0.6851015980757209
22,rs2518735,0.0,17902023,G,C,3,0.06259295364437589,0.13412169515301708
22,rs2518736,0.0,17902056,C,G,4,0.4305680464806,0.6532465179565368
22,rs73876426,0.0,17902858,C,T,5,0.7264131628820466,0.9202456610134107
22,rs1859120,0.0,17903330,G,A,6,0.107709745870324,0.2738109845134008
22,rs1858758,0.0,17903550,C,G,7,0.4609411079071214,0.6929500156927613
22,rs58787871,0.0,17904395,G,A,8,0.7479088107723282,0.9239018709770346
22,rs35585751,0.0,17905017,T,G,9,0.010576674234585859,0.025689397923025825
22,rs5746371,0.0,17905270,T,A,10,0.8315366149495197,1.0
22,rs5747123,0.0,17905599,A,G,11,0.8790324190938836,0.7905304933932822
22,rs5747124,0.0,17905693,G,T,12,0.8409397897521068,1.0
22,rs7292630,0.0,17905978,C,G,13,0.03945244746179588,0.08811243833734572
22,rs2078737,0.0,17906513,A,G,14,0.05832370976373258,0.13139307023626012
22,rs62239284,0.0,17906707,A,G,15,0.3260723880246761,0.5500846224608928
22,rs9604744,0.0,17906945,G,A,16,0.2108049406953062,0.3806147551856144
22,rs149837116,0.0,17907057,T,C,17,0.8302868059402926,0.7782467262274897
22,rs2518745,0.0,17907058,A,G,18,0.06760732089079169,0.1433706102959469
22,rs61298845,0.0,17907738,A,G,19,0.28778664029693934,0.4902758450723469
22,rs5992698,0.0,17907772,T,C,20,0.7466391143556905,0.9005776731517323
22,rs5746375,0.0,17907873,G,A,21,0.7833176298443665,0.7051343649466235
22,rs2518746,0.0,17908162,G,A,22,0.4333871064018894,0.6604593814263036
22,rs9617578,0.0,17908285,C,T,23,0.04180931822236189,0.09337095516871707
22,rs2522314,0.0,17909998,T,C,24,0.7951800044812548,1.0
22,rs1981533,0.0,17910586,T,G,25,0.566475674564841,0.8176328182055261
22,rs1981534,0.0,17910704,A,G,26,0.5704303757752062,0.8219554981025367
22,rs2189077,0.0,17910844,C,T,27,0.6397910022281861,0.7438520985414913
22,rs2189078,0.0,17910952,A,G,28,0.6255608359517102,0.7372637870586383
22,rs5747131,0.0,17911049,G,T,0,0.5010260019794922,0.7418744252241609
22,rs9618023,0.0,17911299,T,A,1,0.44346774821949697,0.4381554836900252
22,rs5746378,0.0,17911886,T,C,2,0.5694797695339928,0.5961097330789132
22,rs5747132,0.0,17912086,T,C,3,0.5770540218055955,0.6186863082341252
22,rs5747133,0.0,17912139,G,C,4,0.8301791430741554,0.7747817811457224
22,rs12160465,0.0,17912796,G,A,5,0.833962792375823,1.0
22,rs9306194,0.0,17915430,C,T,6,0.48305801461768405,0.5642263101646479
22,rs5746380,0.0,17917312,A,G,7,0.5317559512892613,0.6292828213519704
22,rs4819589,0.0,17918536,A,G,8,0.9884515915088531,0.4898858637532285
22,rs12628376,0.0,17919650,A,T,9,0.9692168554880876,1.0
22,rs8135492,0.0,17920134,G,A,10,0.9039174058223054,0.7987827896796835
22,rs5747138,0.0,17920145,G,A,11,0.9057974385391604,0.7790403598753799
22,rs8142264,0.0,17920154,A,G,12,0.8290816049576276,0.8427456783206033
22,rs5747139,0.0,17920248,C,T,13,0.8456474656584154,0.17214961314034805
22,rs5746382,0.0,17920802,C,A,14,0.9003165201406509,0.7069716079362174
22,rs5747142,0.0,17921959,G,A,15,0.8108256431945864,0.6070384275930099
22,rs5746384,0.0,17922198,C,T,16,0.8031836523521529,0.575116209311332
22,rs5746385,0.0,17922735,T,C,17,0.8700189016099777,0.8987569053966189
22,rs5747145,0.0,17922770,A,G,18,0.5309259654598284,0.7103458127961377
22,rs5747148,0.0,17923467,T,C,19,0.8558682818676102,0.8749850728279953
22,rs5746386,0.0,17923530,G,A,20,0.8558682818676102,0.8749850728279953
22,rs59828161,0.0,17924614,G,A,21,0.9611383171700401,0.7722971215387571
22,rs77743158,0.0,17924631,G,T,22,0.8462909363393958,0.7278740976945326
22,rs2401120,0.0,17924730,A,G,23,0.8556738605065837,0.7185129714582354
22,rs56326307,0.0,17925420,C,T,24,0.48680361307474374,0.6987696513306139
22,rs57971831,0.0,17925627,T,C,25,0.8515474232438169,0.7146582924449142
22,rs5992054,0.0,17926166,A,G,26,0.7460156705807324,0.49967744075930287
22,rs9605296,0.0,17927480,T,C,27,0.8427979587443115,1.0
22,rs9605297,0.0,17927926,T,A,28,0.8916743155265647,1.0
22,rs5746391,0.0,17927948,T,C,29,0.8420580396715666,0.7717061121560425
22,rs16982483,0.0,17928268,G,A,30,0.9015690203660243,0.3746069295344925
22,rs5746392,0.0,17928344,T,A,0,0.8462909363393958,0.7278740976945326
22,rs5746393,0.0,17928421,C,T,1,0.8466869183621673,0.7291252554902026
22,rs5747156,0.0,17928594,C,G,2,0.839956523965237,0.708798919789812
22,rs9605298,0.0,17928714,A,C,3,0.8451697717160207,0.6038773523813511
22,rs5746394,0.0,17928890,G,A,4,0.8412997558192573,0.5909765309321583
22,rs5747157,0.0,17929037,A,G,5,0.9002405588655606,0.4465703246541486
22,rs5747159,0.0,17929348,T,C,6,0.7513659853342385,0.7338593010863422
22,rs5747161,0.0,17929675,C,G,7,0.8912692992439916,0.6422460697210299
22,rs5747166,0.0,17931179,A,T,8,0.880637106562351,0.5279837489997796
22,rs5746401,0.0,17931321,A,G,9,0.8792439174747727,0.6267583778099717
22,rs5746402,0.0,17931358,A,G,10,0.9016839153553253,0.5708104875424034
22,rs1004973,0.0,17931566,A,G,11,0.8792439174747727,0.6267583778099717
22,rs5747168,0.0,17932224,A,G,12,0.8724227776620822,0.542353946003392
22,rs2157720,0.0,17932686,T,C,13,0.9462258420352876,0.8342634093771667
22,rs5746404,0.0,17933659,T,C,14,0.6832601302581963,0.8672966364083072
22,rs5746405,0.0,17933897,G,A,15,0.6261776599380439,0.8452701519060177
22,rs5747170,0.0,17936287,G,C,16,0.8806229001227317,0.49878349459313986
22,rs5747171,0.0,17936911,G,A,17,0.9651200700850112,0.27305345400631587
22,rs7290503,0.0,17937239,G,A,18,0.9940105664733725,0.18176747511620917
22,rs5746406,0.0,17937630,A,G,19,0.8798139920009788,0.41587554274953586
22,rs5746407,0.0,17938525,T,G,20,0.9809012930469896,0.2820680110697815
22,rs5747175,0.0,17939887,G,T,21,0.9821658137835676,1.0
22,rs5747177,0.0,17940737,C,T,22,0.6866165420955801,0.5459029318979833
22,rs12628307,0.0,17941224,C,G,23,0.7233122481572671,0.8764859487938812
22,rs78343723,0.0,17941226,A,G,24,0.9986093169657932,0.8710176175713391
22,rs12628628,0.0,17941231,T,G,25,0.3986993403827286,0.6387561714719804
22,rs12628340,0.0,17941238,A,G,26,0.08691703769025905,0.16319633830310531
22,rs12628341,0.0,17941240,A,G,27,0.4449299186522587,0.7167102230853184
22,rs5747179,0.0,17941944,A,G,28,0.9461079753282711,0.5019174326924764
22,rs5747180,0.0,17942014,A,G,29,0.9854514845173233,0.641718137040961
22,rs2518752,0.0,17942912,C,G,30,0.6997036333273317,0.5372399578549782
22,rs11703558,0.0,17942992,C,T,31,0.1962157571621198,0.36822035779124673
22,rs5747185,0.0,17944118,T,C,32,0.5078528145916774,0.7463071569557327
22,rs9605300,0.0,17944167,C,T,33,0.20289788588355484,0.3780270472345888
22,rs78139155,0.0,17944197,A,G,34,0.37857404158689034,0.6197613877667734
22,rs9605301,0.0,17944366,G,A,35,0.33974730965496003,0.5745223261120489
22,rs12628533,0.0,17945424,G,A,36,0.9848312792869578,0.9211886652393078
22,rs67808266,0.0,17945713,T,G,37,0.9815774410295499,0.7986691475026685
22,rs12170337,0.0,17945919,T,C,38,0.467929981857492,0.38022905351951175
22,rs5746410,0.0,17945922,G,A,39,0.8357176178056624,1.0
22,rs2522290,0.0,17946547,C,T,40,0.8643705224294471,0.9070067238022336
22,rs73157555,0.0,17946618,A,G,41,0.874004249259443,0.2932380189605679
22,rs4819591,0.0,17947371,T,C,0,0.8711237436675092,1.0
22,rs5992718,0.0,17948335,C,T,1,0.3338070339587962,0.5537281050104051
22,rs73157557,0.0,17949763,T,C,2,0.8912139115659192,0.25846308493709436
22,rs5746413,0.0,17951750,G,A,3,0.9526754035028708,0.8996204449314837
22,rs5746414,0.0,17951782,G,A,4,0.8849291609943795,0.7825166296411662
22,rs2097596,0.0,17952623,T,A,5,0.96000750644979,0.8857892935015399
22,rs57762122,0.0,17952719,G,A,6,0.9684732581388337,0.5712761353581837
22,rs5746415,0.0,17953763,G,A,7,0.7333470633225484,0.3248361317359094
22,rs11913221,0.0,17955597,A,C,8,0.007767440612453269,0.006355888008952704
22,rs5747195,0.0,17956368,G,A,9,0.8910874072673372,0.4767260568425884
22,rs4819593,0.0,17956759,C,G,10,0.0038376571903728784,0.007358523308860776
22,rs5747196,0.0,17957357,G,A,11,0.9157434147005938,0.5337950809317062
22,rs4819455,0.0,17957614,G,C,12,0.7027469148771441,0.4341437349631675
22,rs5747199,0.0,17958221,C,A,13,0.9619711836300968,1.0
22,rs5747200,0.0,17958441,C,T,14,0.0037030880763567753,0.0024120465966140925
22,rs2518762,0.0,17958884,G,A,15,0.14107632385335456,0.30397581655408723
22,rs181951388,0.0,17959497,G,C,16,0.009806944629566439,0.0188728555974379
22,rs112312082,0.0,17959849,C,G,17,0.007758708986689955,0.015103852723380884
22,rs2518764,0.0,17961077,C,T,18,0.006232595877621816,0.015758252795391225
22,rs2518765,0.0,17961108,G,A,19,0.3159972979231127,0.23077307643180678
22,rs13053651,0.0,17961525,A,G,20,0.21745050663502585,0.29044656569538485
22,rs2895939,0.0,17961816,T,C,21,0.8507609882293605,0.888904651686476
22,rs2518766,0.0,17962196,A,C,22,0.018021853384520337,0.031253564622984564
22,rs2522299,0.0,17962459,T,C,23,0.01352677467718355,0.02379495749848548
22,rs2518767,0.0,17963607,G,A,24,0.1548071978004174,0.3319855536438362
22,rs79568180,0.0,17964783,G,C,25,0.630886526886588,0.47147560697248436
22,rs882614,0.0,17965531,G,A,26,0.7788288710301536,0.7208571090869204
22,rs882613,0.0,17965557,T,C,27,0.5322892858093053,0.7267223250333514
22,rs2522300,0.0,17965860,T,G,28,0.012182265797990532,0.025905532198439385
22,rs2522301,0.0,17965862,A,G,29,0.22733339740630387,0.41118555467301454
22,rs2518769,0.0,17965964,T,C,30,0.12705633198204103,0.24984062675029073
22,rs2518770,0.0,17966172,T,C,31,0.024005914067646184,0.08200371163290188
22,rs143551589,0.0,17966503,T,G,32,0.09009666408434847,0.013493571119743475
22,rs2522302,0.0,17966606,A,G,33,0.27672461670099113,0.47859865306045224
22,rs56831084,0.0,17967007,C,T,34,0.15405403398311224,0.02881799989494649
22,rs78990423,0.0,17967773,A,G,35,0.06553446208130975,0.010657264831797297
22,rs1296744,0.0,17968155,G,A,36,0.5289475260622662,0.0748608765698
22,rs1296745,0.0,17969005,C,T,37,0.5187240526555587,0.7323137232249664
22,rs10483093,0.0,17971225,G,A,38,0.1993976433032325,0.09442694426940723
22,rs73389121,0.0,17971347,C,T,39,0.17622227697441906,0.11034619586973438
22,rs5747203,0.0,17972676,A,G,40,0.4648094482509324,0.47513739193842797
22,rs5747204,0.0,17973032,A,G,41,0.3514332396779636,0.6107773671634912
22,rs174288,0.0,17973379,T,C,0,0.018267814268577043,0.05508020658540014
22,rs17741183,0.0,17973479,C,T,1,0.1993976433032325,0.09442694426940723
22,rs174289,0.0,17973664,A,C,2,0.4543532988426672,0.7014255223564538
22,rs150009732,0.0,17974850,T,C,3,0.19616947452663192,0.09945818539842488
22,rs1296748,0.0,17977024,T,C,4,0.019931892887222524,0.0786693206204453
22,rs2041942,0.0,17977736,G,A,5,0.2592391442973627,0.4977159691042914
22,rs9617587,0.0,17978090,T,C,6,0.008978422865692837,0.02076574403499809
22,rs9617588,0.0,17978146,T,C,7,0.5592150233884514,0.15859588612634912
22,rs9617589,0.0,17978311,A,G,8,0.04271855880671516,0.09097717448944764
22,rs56141127,0.0,17978355,A,C,9,0.1677255967247948,0.10919877730191707
22,rs7284169,0.0,17978600,G,C,10,0.48748215824378305,0.6951055660637795
22,rs76369708,0.0,17979416,T,C,11,0.2923013096409405,0.06518532618633044
22,rs78799850,0.0,17981196,T,C,12,0.20835913180075782,0.07260811623580221
22,rs722750,0.0,17982362,A,G,13,0.15109607819999593,0.10284741892844207
22,rs117893915,0.0,17983132,G,A,14,0.04667031412015965,0.06761356944947527
22,rs115371335,0.0,17983397,T,A,15,0.13518224028970405,0.11216766811798817
22,rs1296754,0.0,17985560,G,A,16,0.7924605289531292,0.1410671675657954
22,rs1296755,0.0,17985994,C,T,17,0.017587566998700455,0.04432394122689587
22,rs9604751,0.0,17986344,A,G,18,0.8822366161005888,0.7395749504203396
22,rs9605311,0.0,17987962,A,G,19,0.7963552973914696,0.8128829714566168
22,rs9604752,0.0,17988804,G,A,20,0.7331669404819277,0.8982710510475843
22,rs1296757,0.0,17989378,C,T,21,0.11043933509278758,0.23072439111362752
22,rs4819596,0.0,17990606,G,A,22,0.3512797240617803,0.5561167426996421
22,rs5747211,0.0,17990852,A,G,23,0.3919868596170262,0.23716389871352306
22,rs174290,0.0,17991442,C,T,24,0.5964465931913815,0.04611185752406133
22,rs174291,0.0,17991515,T,G,25,0.0037192755432245983,0.007466119202523047
22,rs174293,0.0,17992131,G,A,26,0.009661310947180257,0.019036993448131256
22,rs57240054,0.0,17992215,G,C,27,0.17910257173944533,0.25635382136685214
22,rs5747212,0.0,17993969,A,G,28,0.3745419609126319,0.36666193830080807
22,rs4819597,0.0,17993976,T,C,29,0.39391793503155714,0.23345745933288264
22,rs174294,0.0,17994585,C,T,30,0.4321442060666856,0.014746909234535255
22,rs174295,0.0,17994639,A,G,31,0.5848929743596585,0.05501449281241999
22,rs174298,0.0,17996035,G,T,32,0.23032940124032097,0.04416654688280042
22,rs174299,0.0,17996358,T,C,33,0.0027588642017043474,0.004956152058364416
22,rs174300,0.0,17996931,G,A,34,0.19874193489042657,0.03448235049967274
22,rs174302,0.0,17997619,T,G,35,0.18314042911289907,0.06353617528271938
22,rs174306,0.0,17999158,G,A,36,0.03957315407610085,0.08313668345576863
22,rs174307,0.0,17999964,T,C,37,0.06677161197345927,0.06745214208484263
